,work_qid,work_label,author,authorLabel,publication_date,title,edition_1,edition_2
0,Q136466774,"Die Berg-Maria, oder: Wer nur den lieben Gott läßt walten.",Q6686686,Louis August Wollenweber,1880-01-01T00:00:00Z,,,
1,Q136762019,Willkommen und Abschied,Q710106,Arthur Kahane,1919-01-01T00:00:00Z,Willkommen und Abschied,Q136762200,Q136762370
2,Q136762200,Willkommen und Abschied (Erstausgabe von 1919),Q710106,Arthur Kahane,1919-01-01T00:00:00Z,Willkommen und Abschied,,
3,Q136762370,Willkommen und Abschied (Projekt Gutenberg-DE-Ausgabe),Q710106,Arthur Kahane,,Willkommen und Abschied,,
4,Q136794361,Gefängnis,Q76815,Emmy Hennings,1919-01-01T00:00:00Z,Gefängnis,Q136794614,Q136794803
5,Q136794614,Gefängnis (Erstausgabe),Q76815,Emmy Hennings,1919-01-01T00:00:00Z,Gefängnis,,
6,Q136794803,Gefängnis (Projekt Gutenberg-DE Edition),Q76815,Emmy Hennings,,Gefängnis,,
7,Q136795200,Die letzte Freude,Q76815,Emmy Hennings,1913-01-01T00:00:00Z,Die letzte Freude,Q136795215,Q136795666
8,Q136795215,Die letzte Freude (Erstausgabe von 1913),Q76815,Emmy Hennings,1913-01-01T00:00:00Z,Die letzte Freude,,
9,Q136795666,Die letzte Freude (Project Gutenberg (US) Edition),Q76815,Emmy Hennings,,Die letzte Freude,,
10,Q136800864,Schloß Favorite,Q1324050,Luise Ahlborn,1887-01-01T00:00:00Z,Schloß Favorite,Q136800865,Q136800866
11,Q136800865,Schloß Favorite (Erstausgabe von 1887),Q1324050,Luise Ahlborn,1887-01-01T00:00:00Z,Schloß Favorite,,
12,Q136800866,Schloß Favorite (Projekt Gutenberg-DE Edition),Q1324050,Luise Ahlborn,,Schloß Favorite,,
13,Q136800887,Mädchenlose,Q19144479,Brigitte Augusti,1888-01-01T00:00:00Z,Mädchenlose,Q136800888,Q136800889
14,Q136800888,Mädchenlose (Erstausgabe von 1888),Q19144479,Brigitte Augusti,1888-01-01T00:00:00Z,Mädchenlose,,
15,Q136800889,Mädchenlose (Projekt Gutenberg-DE Edition),Q19144479,Brigitte Augusti,,Mädchenlose,,
16,Q136800890,Der Ring der Nuramaja,Q1795559,Käthe van Beeker,1919-01-01T00:00:00Z,Der Ring der Nuramaja,Q136800891,Q136800892
17,Q136800891,Der Ring der Nuramaja (Erstausgabe von 1919),Q1795559,Käthe van Beeker,1919-01-01T00:00:00Z,Der Ring der Nuramaja,,
18,Q136800892,Der Ring der Nuramaja (Projekt Gutenberg-DE Edition),Q1795559,Käthe van Beeker,,Der Ring der Nuramaja,,
19,Q136800893,Frau Hempels Tochter,Q2646840,Alice Berend,1912-01-01T00:00:00Z,Frau Hempels Tochter,Q136800894,Q136800895
20,Q136800894,Frau Hempels Tochter (Erstausgabe von 1912),Q2646840,Alice Berend,1912-01-01T00:00:00Z,Frau Hempels Tochter,,
21,Q136800895,Frau Hempels Tochter (Projekt Gutenberg-DE Edition),Q2646840,Alice Berend,,Frau Hempels Tochter,,
22,Q136800896,Die Bräutigame der Babette Bomberling,Q2646840,Alice Berend,1915-01-01T00:00:00Z,Die Bräutigame der Babette Bomberling,Q136800897,Q136800898
23,Q136800897,Die Bräutigame der Babette Bomberling (Erstausgabe von 1915),Q2646840,Alice Berend,1915-01-01T00:00:00Z,Die Bräutigame der Babette Bomberling,,
24,Q136800898,Die Bräutigame der Babette Bomberling (Projekt Gutenberg-DE Edition),Q2646840,Alice Berend,,Die Bräutigame der Babette Bomberling,,
25,Q136800899,Bruders Bekenntnis,Q2646840,Alice Berend,1921-01-01T00:00:00Z,Bruders Bekenntnis,Q136800900,Q136800901
26,Q136800900,Bruders Bekenntnis (Erstausgabe von 1921),Q2646840,Alice Berend,1921-01-01T00:00:00Z,Bruders Bekenntnis,,
27,Q136800901,Bruders Bekenntnis (Projekt Gutenberg-DE Edition),Q2646840,Alice Berend,,Bruders Bekenntnis,,
28,Q136800903,Das verbrannte Bett,Q2646840,Alice Berend,1926-01-01T00:00:00Z,Das verbrannte Bett,Q136800904,Q136800905
29,Q136800904,Das verbrannte Bett (Erstausgabe von 1926),Q2646840,Alice Berend,1926-01-01T00:00:00Z,Das verbrannte Bett,,
30,Q136800905,Das verbrannte Bett (Projekt Gutenberg-DE Edition),Q2646840,Alice Berend,,Das verbrannte Bett,,
31,Q136800906,Die Leuenhofer,Q1656493,Ida Bindschedler,1919-01-01T00:00:00Z,Die Leuenhofer,Q136800907,Q136800909
32,Q136800907,Die Leuenhofer (Erstausgabe von 1919),Q1656493,Ida Bindschedler,1919-01-01T00:00:00Z,Die Leuenhofer,,
33,Q136800909,Die Leuenhofer (Projekt Gutenberg-DE Edition),Q1656493,Ida Bindschedler,,Die Leuenhofer,,
34,Q136800910,Götzendienst,Q1095152,Clara Blüthgen,1930-01-01T00:00:00Z,Götzendienst,Q136800912,Q136800913
35,Q136800912,Götzendienst (Erstausgabe von 1930),Q1095152,Clara Blüthgen,1930-01-01T00:00:00Z,Götzendienst,,
36,Q136800913,Götzendienst (Projekt Gutenberg-DE Edition),Q1095152,Clara Blüthgen,,Götzendienst,,
37,Q136800914,Dilettanten des Lasters,Q1095152,Clara Blüthgen,1902-01-01T00:00:00Z,Dilettanten des Lasters,Q136800915,Q136800916
38,Q136800915,Dilettanten des Lasters (Erstausgabe von 1902),Q1095152,Clara Blüthgen,1902-01-01T00:00:00Z,Dilettanten des Lasters,,
39,Q136800916,Dilettanten des Lasters (Projekt Gutenberg-DE Edition),Q1095152,Clara Blüthgen,,Dilettanten des Lasters,,
40,Q136800917,Daniella,Q1406060,Ferdinande von Brackel,1879-01-01T00:00:00Z,Daniella,Q136800918,Q136800919
41,Q136800918,Daniella (Erstausgabe von 1879),Q1406060,Ferdinande von Brackel,1879-01-01T00:00:00Z,Daniella,,
42,Q136800919,Daniella (Projekt Gutenberg-DE Edition),Q1406060,Ferdinande von Brackel,,Daniella,,
43,Q136800920,Die Tochter des Kunstreiters,Q1406060,Ferdinande von Brackel,1875-01-01T00:00:00Z,Die Tochter des Kunstreiters,Q136800921,Q136800922
44,Q136800921,Die Tochter des Kunstreiters (Erstausgabe von 1875),Q1406060,Ferdinande von Brackel,1875-01-01T00:00:00Z,Die Tochter des Kunstreiters,,
45,Q136800922,Die Tochter des Kunstreiters (Projekt Gutenberg-DE Edition),Q1406060,Ferdinande von Brackel,,Die Tochter des Kunstreiters,,
46,Q136800923,Geschichten aus der Jugendzeit,Q1256002,Isabella Braun,1871-01-01T00:00:00Z,Geschichten aus der Jugendzeit,Q136800924,Q136800925
47,Q136800924,Geschichten aus der Jugendzeit (Erstausgabe von 1871),Q1256002,Isabella Braun,1871-01-01T00:00:00Z,Geschichten aus der Jugendzeit,,
48,Q136800925,Geschichten aus der Jugendzeit (Projekt Gutenberg-DE Edition),Q1256002,Isabella Braun,,Geschichten aus der Jugendzeit,,
49,Q136800926,Guten Abend!,Q1256002,Isabella Braun,1879-01-01T00:00:00Z,Guten Abend!,Q136800927,Q136800928
50,Q136800927,Guten Abend! (Erstausgabe von 1879),Q1256002,Isabella Braun,1879-01-01T00:00:00Z,Guten Abend!,,
51,Q136800928,Guten Abend! (Projekt Gutenberg-DE Edition),Q1256002,Isabella Braun,,Guten Abend!,,
52,Q136800930,Im Hexenring,Q1456366,Frieda von Bülow,1921-01-01T00:00:00Z,Im Hexenring,Q136800931,Q136800932
53,Q136800931,Im Hexenring (Erstausgabe von 1921),Q1456366,Frieda von Bülow,1921-01-01T00:00:00Z,Im Hexenring,,
54,Q136800932,Im Hexenring (Projekt Gutenberg-DE Edition),Q1456366,Frieda von Bülow,,Im Hexenring,,
55,Q136800933,Die schönsten Novellen über Lou Andreas-Salomé und andere Frauen,Q1456366,Frieda von Bülow,1902-01-01T00:00:00Z,Die schönsten Novellen über Lou Andreas-Salomé und andere Frauen,Q136800934,Q136800935
56,Q136800934,Die schönsten Novellen über Lou Andreas-Salomé und andere Frauen (Erstausgabe von 1902),Q1456366,Frieda von Bülow,1902-01-01T00:00:00Z,Die schönsten Novellen über Lou Andreas-Salomé und andere Frauen,,
57,Q136800935,Die schönsten Novellen über Lou Andreas-Salomé und andere Frauen (Projekt Gutenberg-DE Edition),Q1456366,Frieda von Bülow,,Die schönsten Novellen über Lou Andreas-Salomé und andere Frauen,,
58,Q136800936,Die Tochter,Q1456366,Frieda von Bülow,1906-01-01T00:00:00Z,Die Tochter,Q136800937,Q136800938
59,Q136800937,Die Tochter (Erstausgabe von 1906),Q1456366,Frieda von Bülow,1906-01-01T00:00:00Z,Die Tochter,,
60,Q136800938,Die Tochter (Projekt Gutenberg-DE Edition),Q1456366,Frieda von Bülow,,Die Tochter,,
61,Q136800939,Die Kirchfahrerin,Q15430840,Maria Anna von Buol-Berenberg,1904-01-01T00:00:00Z,Die Kirchfahrerin,Q136800940,Q136800941
62,Q136800940,Die Kirchfahrerin (Erstausgabe von 1904),Q15430840,Maria Anna von Buol-Berenberg,1904-01-01T00:00:00Z,Die Kirchfahrerin,,
63,Q136800941,Die Kirchfahrerin (Projekt Gutenberg-DE Edition),Q15430840,Maria Anna von Buol-Berenberg,,Die Kirchfahrerin,,
64,Q136800943,Pimpernellche,Q98145,Anna Croissant-Rust,1901-01-01T00:00:00Z,Pimpernellche,Q136800944,Q136800945
65,Q136800944,Pimpernellche (Erstausgabe von 1901),Q98145,Anna Croissant-Rust,1901-01-01T00:00:00Z,Pimpernellche,,
66,Q136800945,Pimpernellche (Projekt Gutenberg-DE Edition),Q98145,Anna Croissant-Rust,,Pimpernellche,,
67,Q136800946,Unkebunk,Q98145,Anna Croissant-Rust,1921-01-01T00:00:00Z,Unkebunk,Q136800947,Q136800948
68,Q136800947,Unkebunk (Erstausgabe von 1921),Q98145,Anna Croissant-Rust,1921-01-01T00:00:00Z,Unkebunk,,
69,Q136800948,Unkebunk (Projekt Gutenberg-DE Edition),Q98145,Anna Croissant-Rust,,Unkebunk,,
70,Q136800949,Kaleidoskop,Q98145,Anna Croissant-Rust,1921-01-01T00:00:00Z,Kaleidoskop,Q136800950,Q136800951
71,Q136800950,Kaleidoskop (Erstausgabe von 1921),Q98145,Anna Croissant-Rust,1921-01-01T00:00:00Z,Kaleidoskop,,
72,Q136800951,Kaleidoskop (Projekt Gutenberg-DE Edition),Q98145,Anna Croissant-Rust,,Kaleidoskop,,
73,Q136800952,Die Nann,Q98145,Anna Croissant-Rust,1906-01-01T00:00:00Z,Die Nann,Q136800953,Q136800954
74,Q136800953,Die Nann (Erstausgabe von 1906),Q98145,Anna Croissant-Rust,1906-01-01T00:00:00Z,Die Nann,,
75,Q136800954,Die Nann (Projekt Gutenberg-DE Edition),Q98145,Anna Croissant-Rust,,Die Nann,,
76,Q136800955,Arche Noah,Q98145,Anna Croissant-Rust,1911-01-01T00:00:00Z,Arche Noah,Q136800956,Q136800957
77,Q136800956,Arche Noah (Erstausgabe von 1911),Q98145,Anna Croissant-Rust,1911-01-01T00:00:00Z,Arche Noah,,
78,Q136800957,Arche Noah (Projekt Gutenberg-DE Edition),Q98145,Anna Croissant-Rust,,Arche Noah,,
79,Q136800958,Winkelquartett,Q98145,Anna Croissant-Rust,1908-01-01T00:00:00Z,Winkelquartett,Q136800959,Q136800960
80,Q136800959,Winkelquartett (Erstausgabe von 1908),Q98145,Anna Croissant-Rust,1908-01-01T00:00:00Z,Winkelquartett,,
81,Q136800960,Winkelquartett (Projekt Gutenberg-DE Edition),Q98145,Anna Croissant-Rust,,Winkelquartett,,
82,Q136800961,Erotische Novellen,Q1261117,Elisabeth Dauthendey,1922-01-01T00:00:00Z,Erotische Novellen,Q136800962,Q136800963
83,Q136800962,Erotische Novellen (Erstausgabe von 1922),Q1261117,Elisabeth Dauthendey,1922-01-01T00:00:00Z,Erotische Novellen,,
84,Q136800963,Erotische Novellen (Projekt Gutenberg-DE Edition),Q1261117,Elisabeth Dauthendey,,Erotische Novellen,,
85,Q136800964,Die Märchenwiese,Q1261117,Elisabeth Dauthendey,1918-01-01T00:00:00Z,Die Märchenwiese,Q136800965,Q136800966
86,Q136800965,Die Märchenwiese (Erstausgabe von 1918),Q1261117,Elisabeth Dauthendey,1918-01-01T00:00:00Z,Die Märchenwiese,,
87,Q136800966,Die Märchenwiese (Projekt Gutenberg-DE Edition),Q1261117,Elisabeth Dauthendey,,Die Märchenwiese,,
88,Q136800967,Vivos voco,Q1261117,Elisabeth Dauthendey,1908-01-01T00:00:00Z,Vivos voco,Q136800968,Q136800969
89,Q136800968,Vivos voco (Erstausgabe von 1908),Q1261117,Elisabeth Dauthendey,1908-01-01T00:00:00Z,Vivos voco,,
90,Q136800969,Vivos voco (Projekt Gutenberg-DE Edition),Q1261117,Elisabeth Dauthendey,,Vivos voco,,
91,Q136800970,In seinen Fußstapfen,Q767396,Auguste von der Decken,1891-01-01T00:00:00Z,In seinen Fußstapfen,Q136800971,Q136800972
92,Q136800971,In seinen Fußstapfen (Erstausgabe von 1891),Q767396,Auguste von der Decken,1891-01-01T00:00:00Z,In seinen Fußstapfen,,
93,Q136800972,In seinen Fußstapfen (Projekt Gutenberg-DE Edition),Q767396,Auguste von der Decken,,In seinen Fußstapfen,,
94,Q136800973,Souverän,Q767396,Auguste von der Decken,1886-01-01T00:00:00Z,Souverän,Q136800974,Q136800975
95,Q136800974,Souverän (Erstausgabe von 1886),Q767396,Auguste von der Decken,1886-01-01T00:00:00Z,Souverän,,
96,Q136800975,Souverän (Projekt Gutenberg-DE Edition),Q767396,Auguste von der Decken,,Souverän,,
97,Q136800976,Brausejahre,Q767396,Auguste von der Decken,1885-01-01T00:00:00Z,Brausejahre,Q136800977,Q136800978
98,Q136800977,Brausejahre (Erstausgabe von 1885),Q767396,Auguste von der Decken,1885-01-01T00:00:00Z,Brausejahre,,
99,Q136800978,Brausejahre (Projekt Gutenberg-DE Edition),Q767396,Auguste von der Decken,,Brausejahre,,
100,Q136800979,Die jüngeren Prinzen,Q767396,Auguste von der Decken,1894-01-01T00:00:00Z,Die jüngeren Prinzen,Q136800980,Q136800981
101,Q136800980,Die jüngeren Prinzen (Erstausgabe von 1894),Q767396,Auguste von der Decken,1894-01-01T00:00:00Z,Die jüngeren Prinzen,,
102,Q136800981,Die jüngeren Prinzen (Projekt Gutenberg-DE Edition),Q767396,Auguste von der Decken,,Die jüngeren Prinzen,,
103,Q136800982,Die Kegelschnitte Gottes,Q827705,Bertha Eckstein-Diener,1920-01-01T00:00:00Z,Die Kegelschnitte Gottes,Q136800983,Q136800984
104,Q136800983,Die Kegelschnitte Gottes (Erstausgabe von 1920),Q827705,Bertha Eckstein-Diener,1920-01-01T00:00:00Z,Die Kegelschnitte Gottes,,
105,Q136800984,Die Kegelschnitte Gottes (Projekt Gutenberg-DE Edition),Q827705,Bertha Eckstein-Diener,,Die Kegelschnitte Gottes,,
106,Q136800985,Die Erlkönigin,Q87140,Nataly von Eschstruth,1888-01-01T00:00:00Z,Die Erlkönigin,Q136800986,Q136800987
107,Q136800986,Die Erlkönigin (Erstausgabe von 1888),Q87140,Nataly von Eschstruth,1888-01-01T00:00:00Z,Die Erlkönigin,,
108,Q136800987,Die Erlkönigin (Projekt Gutenberg-DE Edition),Q87140,Nataly von Eschstruth,,Die Erlkönigin,,
109,Q136800988,Hofluft,Q87140,Nataly von Eschstruth,1889-01-01T00:00:00Z,Hofluft,Q136800990,Q136800991
110,Q136800990,Hofluft (Erstausgabe von 1889),Q87140,Nataly von Eschstruth,1889-01-01T00:00:00Z,Hofluft,,
111,Q136800991,Hofluft (Projekt Gutenberg-DE Edition),Q87140,Nataly von Eschstruth,,Hofluft,,
112,Q136800993,Der verlorene Sohn,Q87140,Nataly von Eschstruth,1902-01-01T00:00:00Z,Der verlorene Sohn,Q136800994,Q136800995
113,Q136800994,Der verlorene Sohn (Erstausgabe von 1902),Q87140,Nataly von Eschstruth,1902-01-01T00:00:00Z,Der verlorene Sohn,,
114,Q136800995,Der verlorene Sohn (Projekt Gutenberg-DE Edition),Q87140,Nataly von Eschstruth,,Der verlorene Sohn,,
115,Q136800997,Der Stern des Glücks,Q87140,Nataly von Eschstruth,1896-01-01T00:00:00Z,Der Stern des Glücks,Q136800998,Q136800999
116,Q136800998,Der Stern des Glücks (Erstausgabe von 1896),Q87140,Nataly von Eschstruth,1896-01-01T00:00:00Z,Der Stern des Glücks,,
117,Q136800999,Der Stern des Glücks (Projekt Gutenberg-DE Edition),Q87140,Nataly von Eschstruth,,Der Stern des Glücks,,
118,Q136801000,Frühlingsstürme,Q87140,Nataly von Eschstruth,1899-01-01T00:00:00Z,Frühlingsstürme,Q136801001,Q136801002
119,Q136801001,Frühlingsstürme (Erstausgabe von 1899),Q87140,Nataly von Eschstruth,1899-01-01T00:00:00Z,Frühlingsstürme,,
120,Q136801002,Frühlingsstürme (Projekt Gutenberg-DE Edition),Q87140,Nataly von Eschstruth,,Frühlingsstürme,,
121,Q136801003,Wolfsburg,Q87140,Nataly von Eschstruth,1885-01-01T00:00:00Z,Wolfsburg,Q136801004,Q136801005
122,Q136801004,Wolfsburg (Erstausgabe von 1885),Q87140,Nataly von Eschstruth,1885-01-01T00:00:00Z,Wolfsburg,,
123,Q136801005,Wolfsburg (Projekt Gutenberg-DE Edition),Q87140,Nataly von Eschstruth,,Wolfsburg,,
124,Q136801007,Der Irrgeist des Schlosses,Q87140,Nataly von Eschstruth,1886-01-01T00:00:00Z,Der Irrgeist des Schlosses,Q136801008,Q136801009
125,Q136801008,Der Irrgeist des Schlosses (Erstausgabe von 1886),Q87140,Nataly von Eschstruth,1886-01-01T00:00:00Z,Der Irrgeist des Schlosses,,
126,Q136801009,Der Irrgeist des Schlosses (Projekt Gutenberg-DE Edition),Q87140,Nataly von Eschstruth,,Der Irrgeist des Schlosses,,
127,Q136801010,Gänseliesel,Q87140,Nataly von Eschstruth,1886-01-01T00:00:00Z,Gänseliesel,Q136801011,Q136801012
128,Q136801011,Gänseliesel (Erstausgabe von 1886),Q87140,Nataly von Eschstruth,1886-01-01T00:00:00Z,Gänseliesel,,
129,Q136801012,Gänseliesel (Projekt Gutenberg-DE Edition),Q87140,Nataly von Eschstruth,,Gänseliesel,,
130,Q136801015,Die Bären von Hohen-Esp,Q87140,Nataly von Eschstruth,1902-01-01T00:00:00Z,Die Bären von Hohen-Esp,Q136801016,Q136801017
131,Q136801016,Die Bären von Hohen-Esp (Erstausgabe von 1902),Q87140,Nataly von Eschstruth,1902-01-01T00:00:00Z,Die Bären von Hohen-Esp,,
132,Q136801017,Die Bären von Hohen-Esp (Projekt Gutenberg-DE Edition),Q87140,Nataly von Eschstruth,,Die Bären von Hohen-Esp,,
133,Q136801018,Aus Jurte und Kraal,Q23059605,Gisela Etzel,1911-01-01T00:00:00Z,Aus Jurte und Kraal,Q136801019,Q136801020
134,Q136801019,Aus Jurte und Kraal (Erstausgabe von 1911),Q23059605,Gisela Etzel,1911-01-01T00:00:00Z,Aus Jurte und Kraal,,
135,Q136801020,Aus Jurte und Kraal (Projekt Gutenberg-DE Edition),Q23059605,Gisela Etzel,,Aus Jurte und Kraal,,
136,Q136801021,Harzsagen,Q19145442,Carola von Eynatten,1889-01-01T00:00:00Z,Harzsagen,Q136801022,Q136801023
137,Q136801022,Harzsagen (Erstausgabe von 1889),Q19145442,Carola von Eynatten,1889-01-01T00:00:00Z,Harzsagen,,
138,Q136801023,Harzsagen (Projekt Gutenberg-DE Edition),Q19145442,Carola von Eynatten,,Harzsagen,,
139,Q136801024,Geknechteter Wille,Q19145442,Carola von Eynatten,1924-01-01T00:00:00Z,Geknechteter Wille,Q136801025,Q136801026
140,Q136801025,Geknechteter Wille (Erstausgabe von 1924),Q19145442,Carola von Eynatten,1924-01-01T00:00:00Z,Geknechteter Wille,,
141,Q136801026,Geknechteter Wille (Projekt Gutenberg-DE Edition),Q19145442,Carola von Eynatten,,Geknechteter Wille,,
142,Q136801027,Mährchen,Q1044449,Caroline Auguste Fischer,1802-01-01T00:00:00Z,Mährchen,Q136801028,Q136801029
143,Q136801028,Mährchen (Erstausgabe von 1802),Q1044449,Caroline Auguste Fischer,1802-01-01T00:00:00Z,Mährchen,,
144,Q136801029,Mährchen (Projekt Gutenberg-DE Edition),Q1044449,Caroline Auguste Fischer,,Mährchen,,
145,Q136801030,Vierzehn Tage in Paris,Q1044449,Caroline Auguste Fischer,1801-01-01T00:00:00Z,Vierzehn Tage in Paris,Q136801031,Q136801032
146,Q136801031,Vierzehn Tage in Paris (Erstausgabe von 1801),Q1044449,Caroline Auguste Fischer,1801-01-01T00:00:00Z,Vierzehn Tage in Paris,,
147,Q136801032,Vierzehn Tage in Paris (Projekt Gutenberg-DE Edition),Q1044449,Caroline Auguste Fischer,,Vierzehn Tage in Paris,,
148,Q136801033,Der Günstling,Q1044449,Caroline Auguste Fischer,1809-01-01T00:00:00Z,Der Günstling,Q136801034,Q136801035
149,Q136801034,Der Günstling (Erstausgabe von 1809),Q1044449,Caroline Auguste Fischer,1809-01-01T00:00:00Z,Der Günstling,,
150,Q136801035,Der Günstling (Projekt Gutenberg-DE Edition),Q1044449,Caroline Auguste Fischer,,Der Günstling,,
151,Q136801036,Krauskopf und Goldlöckchen,Q1044449,Caroline Auguste Fischer,1802-01-01T00:00:00Z,Krauskopf und Goldlöckchen,Q136801037,Q136801038
152,Q136801037,Krauskopf und Goldlöckchen (Erstausgabe von 1802),Q1044449,Caroline Auguste Fischer,1802-01-01T00:00:00Z,Krauskopf und Goldlöckchen,,
153,Q136801038,Krauskopf und Goldlöckchen (Projekt Gutenberg-DE Edition),Q1044449,Caroline Auguste Fischer,,Krauskopf und Goldlöckchen,,
154,Q136801039,Selim und Zoraïde,Q1044449,Caroline Auguste Fischer,1802-01-01T00:00:00Z,Selim und Zoraïde,Q136801040,Q136801041
155,Q136801040,Selim und Zoraïde (Erstausgabe von 1802),Q1044449,Caroline Auguste Fischer,1802-01-01T00:00:00Z,Selim und Zoraïde,,
156,Q136801041,Selim und Zoraïde (Projekt Gutenberg-DE Edition),Q1044449,Caroline Auguste Fischer,,Selim und Zoraïde,,
157,Q136801042,Kathinka Plüsch,Q1672509,Irene Forbes-Mosse,1930-01-01T00:00:00Z,Kathinka Plüsch,Q136801043,Q136801044
158,Q136801043,Kathinka Plüsch (Erstausgabe von 1930),Q1672509,Irene Forbes-Mosse,1930-01-01T00:00:00Z,Kathinka Plüsch,,
159,Q136801044,Kathinka Plüsch (Projekt Gutenberg-DE Edition),Q1672509,Irene Forbes-Mosse,,Kathinka Plüsch,,
160,Q136801045,Laubstreu,Q1672509,Irene Forbes-Mosse,1923-01-01T00:00:00Z,Laubstreu,Q136801046,Q136801047
161,Q136801046,Laubstreu (Erstausgabe von 1923),Q1672509,Irene Forbes-Mosse,1923-01-01T00:00:00Z,Laubstreu,,
162,Q136801047,Laubstreu (Projekt Gutenberg-DE Edition),Q1672509,Irene Forbes-Mosse,,Laubstreu,,
163,Q136801048,Berberitzchen und Andere,Q1672509,Irene Forbes-Mosse,1924-01-01T00:00:00Z,Berberitzchen und Andere,Q136801050,Q136801051
164,Q136801050,Berberitzchen und Andere (Erstausgabe von 1924),Q1672509,Irene Forbes-Mosse,1924-01-01T00:00:00Z,Berberitzchen und Andere,,
165,Q136801051,Berberitzchen und Andere (Projekt Gutenberg-DE Edition),Q1672509,Irene Forbes-Mosse,,Berberitzchen und Andere,,
166,Q136801052,Gabriele Alweyden oder Geben und Nehmen,Q1672509,Irene Forbes-Mosse,1924-01-01T00:00:00Z,Gabriele Alweyden oder Geben und Nehmen,Q136801053,Q136801054
167,Q136801053,Gabriele Alweyden oder Geben und Nehmen (Erstausgabe von 1924),Q1672509,Irene Forbes-Mosse,1924-01-01T00:00:00Z,Gabriele Alweyden oder Geben und Nehmen,,
168,Q136801054,Gabriele Alweyden oder Geben und Nehmen (Projekt Gutenberg-DE Edition),Q1672509,Irene Forbes-Mosse,,Gabriele Alweyden oder Geben und Nehmen,,
169,Q136801055,Don Juans Töchter,Q1672509,Irene Forbes-Mosse,1928-01-01T00:00:00Z,Don Juans Töchter,Q136801056,Q136801057
170,Q136801056,Don Juans Töchter (Erstausgabe von 1928),Q1672509,Irene Forbes-Mosse,1928-01-01T00:00:00Z,Don Juans Töchter,,
171,Q136801057,Don Juans Töchter (Projekt Gutenberg-DE Edition),Q1672509,Irene Forbes-Mosse,,Don Juans Töchter,,
172,Q136801058,Der kleine Tod,Q1672509,Irene Forbes-Mosse,1912-01-01T00:00:00Z,Der kleine Tod,Q136801059,Q136801060
173,Q136801059,Der kleine Tod (Erstausgabe von 1912),Q1672509,Irene Forbes-Mosse,1912-01-01T00:00:00Z,Der kleine Tod,,
174,Q136801060,Der kleine Tod (Projekt Gutenberg-DE Edition),Q1672509,Irene Forbes-Mosse,,Der kleine Tod,,
175,Q136801061,Die Schwingen des Lebens,Q394517,Agnes Franz,1840-01-01T00:00:00Z,Die Schwingen des Lebens,Q136801062,Q136801063
176,Q136801062,Die Schwingen des Lebens (Erstausgabe von 1840),Q394517,Agnes Franz,1840-01-01T00:00:00Z,Die Schwingen des Lebens,,
177,Q136801063,Die Schwingen des Lebens (Projekt Gutenberg-DE Edition),Q394517,Agnes Franz,,Die Schwingen des Lebens,,
178,Q136801064,Der neue Kreuzritter,Q105710,Louise von Gall,1853-01-01T00:00:00Z,Der neue Kreuzritter,Q136801065,Q136801066
179,Q136801065,Der neue Kreuzritter (Erstausgabe von 1853),Q105710,Louise von Gall,1853-01-01T00:00:00Z,Der neue Kreuzritter,,
180,Q136801066,Der neue Kreuzritter (Projekt Gutenberg-DE Edition),Q105710,Louise von Gall,,Der neue Kreuzritter,,
181,Q136801067,Der panische Schrecken,Q1230924,Luise Glaß,1906-01-01T00:00:00Z,Der panische Schrecken,Q136801068,Q136801069
182,Q136801068,Der panische Schrecken (Erstausgabe von 1906),Q1230924,Luise Glaß,1906-01-01T00:00:00Z,Der panische Schrecken,,
183,Q136801069,Der panische Schrecken (Projekt Gutenberg-DE Edition),Q1230924,Luise Glaß,,Der panische Schrecken,,
184,Q136801071,Der rote Merkur,Q766547,Auguste Groner,1910-01-01T00:00:00Z,Der rote Merkur,Q136801072,Q136801073
185,Q136801072,Der rote Merkur (Erstausgabe von 1910),Q766547,Auguste Groner,1910-01-01T00:00:00Z,Der rote Merkur,,
186,Q136801073,Der rote Merkur (Projekt Gutenberg-DE Edition),Q766547,Auguste Groner,,Der rote Merkur,,
187,Q136801074,Kriminalnovellen,Q766547,Auguste Groner,1902-01-01T00:00:00Z,Kriminalnovellen,Q136801075,Q136801076
188,Q136801075,Kriminalnovellen (Erstausgabe von 1902),Q766547,Auguste Groner,1902-01-01T00:00:00Z,Kriminalnovellen,,
189,Q136801076,Kriminalnovellen (Projekt Gutenberg-DE Edition),Q766547,Auguste Groner,,Kriminalnovellen,,
190,Q136801077,Warenhaus Groß & Comp.,Q766547,Auguste Groner,1907-01-01T00:00:00Z,Warenhaus Groß & Comp.,Q136801078,Q136801079
191,Q136801078,Warenhaus Groß & Comp. (Erstausgabe von 1907),Q766547,Auguste Groner,1907-01-01T00:00:00Z,Warenhaus Groß & Comp.,,
192,Q136801079,Warenhaus Groß & Comp. (Projekt Gutenberg-DE Edition),Q766547,Auguste Groner,,Warenhaus Groß & Comp.,,
193,Q136801081,Schlumski,Q51928,Agnes Harder,1916-01-01T00:00:00Z,Schlumski,Q136801082,Q136801083
194,Q136801082,Schlumski (Erstausgabe von 1916),Q51928,Agnes Harder,1916-01-01T00:00:00Z,Schlumski,,
195,Q136801083,Schlumski (Projekt Gutenberg-DE Edition),Q51928,Agnes Harder,,Schlumski,,
196,Q136801085,Franzinens Geschichte,Q51928,Agnes Harder,1906-01-01T00:00:00Z,Franzinens Geschichte,Q136801086,Q136801087
197,Q136801086,Franzinens Geschichte (Erstausgabe von 1906),Q51928,Agnes Harder,1906-01-01T00:00:00Z,Franzinens Geschichte,,
198,Q136801087,Franzinens Geschichte (Projekt Gutenberg-DE Edition),Q51928,Agnes Harder,,Franzinens Geschichte,,
199,Q136801088,Trudchens Heirat,Q75922,Wilhelmine Heimburg,1894-01-01T00:00:00Z,Trudchens Heirat,Q136801089,Q136801090
200,Q136801089,Trudchens Heirat (Erstausgabe von 1894),Q75922,Wilhelmine Heimburg,1894-01-01T00:00:00Z,Trudchens Heirat,,
201,Q136801090,Trudchens Heirat (Projekt Gutenberg-DE Edition),Q75922,Wilhelmine Heimburg,,Trudchens Heirat,,
202,Q136801091,Trotzige Herzen,Q75922,Wilhelmine Heimburg,1898-01-01T00:00:00Z,Trotzige Herzen,Q136801092,Q136801093
203,Q136801092,Trotzige Herzen (Erstausgabe von 1898),Q75922,Wilhelmine Heimburg,1898-01-01T00:00:00Z,Trotzige Herzen,,
204,Q136801093,Trotzige Herzen (Projekt Gutenberg-DE Edition),Q75922,Wilhelmine Heimburg,,Trotzige Herzen,,
205,Q136801094,Mamsell Unnütz,Q75922,Wilhelmine Heimburg,1892-01-01T00:00:00Z,Mamsell Unnütz,Q136801095,Q136801096
206,Q136801095,Mamsell Unnütz (Erstausgabe von 1892),Q75922,Wilhelmine Heimburg,1892-01-01T00:00:00Z,Mamsell Unnütz,,
207,Q136801096,Mamsell Unnütz (Projekt Gutenberg-DE Edition),Q75922,Wilhelmine Heimburg,,Mamsell Unnütz,,
208,Q136801097,Aus dem Leben meiner alten Freundin,Q75922,Wilhelmine Heimburg,1878-01-01T00:00:00Z,Aus dem Leben meiner alten Freundin,Q136801098,Q136801099
209,Q136801098,Aus dem Leben meiner alten Freundin (Erstausgabe von 1878),Q75922,Wilhelmine Heimburg,1878-01-01T00:00:00Z,Aus dem Leben meiner alten Freundin,,
210,Q136801099,Aus dem Leben meiner alten Freundin (Projekt Gutenberg-DE Edition),Q75922,Wilhelmine Heimburg,,Aus dem Leben meiner alten Freundin,,
211,Q136801100,Alte Liebe und anderes,Q75922,Wilhelmine Heimburg,1906-01-01T00:00:00Z,Alte Liebe und anderes,Q136801101,Q136801102
212,Q136801101,Alte Liebe und anderes (Erstausgabe von 1906),Q75922,Wilhelmine Heimburg,1906-01-01T00:00:00Z,Alte Liebe und anderes,,
213,Q136801102,Alte Liebe und anderes (Projekt Gutenberg-DE Edition),Q75922,Wilhelmine Heimburg,,Alte Liebe und anderes,,
214,Q136801103,Der Zwergenring,Q569620,Anselma Heine,1925-01-01T00:00:00Z,Der Zwergenring,Q136801105,Q136801106
215,Q136801105,Der Zwergenring (Erstausgabe von 1925),Q569620,Anselma Heine,1925-01-01T00:00:00Z,Der Zwergenring,,
216,Q136801106,Der Zwergenring (Projekt Gutenberg-DE Edition),Q569620,Anselma Heine,,Der Zwergenring,,
217,Q136801107,Die verborgene Schrift,Q569620,Anselma Heine,1918-01-01T00:00:00Z,Die verborgene Schrift,Q136801108,Q136801109
218,Q136801108,Die verborgene Schrift (Erstausgabe von 1918),Q569620,Anselma Heine,1918-01-01T00:00:00Z,Die verborgene Schrift,,
219,Q136801109,Die verborgene Schrift (Projekt Gutenberg-DE Edition),Q569620,Anselma Heine,,Die verborgene Schrift,,
220,Q136801111,Die Dame aus der Derwisch-Höhle,Q1745616,Klaus Rittland,1905-01-01T00:00:00Z,Die Dame aus der Derwisch-Höhle,Q136801112,Q136801113
221,Q136801112,Die Dame aus der Derwisch-Höhle (Erstausgabe von 1905),Q1745616,Klaus Rittland,1905-01-01T00:00:00Z,Die Dame aus der Derwisch-Höhle,,
222,Q136801113,Die Dame aus der Derwisch-Höhle (Projekt Gutenberg-DE Edition),Q1745616,Klaus Rittland,,Die Dame aus der Derwisch-Höhle,,
223,Q136801114,Das Haus des Sonderlings,Q566964,Annie Hruschka,1918-01-01T00:00:00Z,Das Haus des Sonderlings,Q136801115,Q136801116
224,Q136801115,Das Haus des Sonderlings (Erstausgabe von 1918),Q566964,Annie Hruschka,1918-01-01T00:00:00Z,Das Haus des Sonderlings,,
225,Q136801116,Das Haus des Sonderlings (Projekt Gutenberg-DE Edition),Q566964,Annie Hruschka,,Das Haus des Sonderlings,,
226,Q136801117,Stern Nr. 300,Q566964,Annie Hruschka,1920-01-01T00:00:00Z,Stern Nr. 300,Q136801118,Q136801119
227,Q136801118,Stern Nr. 300 (Erstausgabe von 1920),Q566964,Annie Hruschka,1920-01-01T00:00:00Z,Stern Nr. 300,,
228,Q136801119,Stern Nr. 300 (Projekt Gutenberg-DE Edition),Q566964,Annie Hruschka,,Stern Nr. 300,,
229,Q136801120,Gefreit ohne Liebe,Q566964,Annie Hruschka,1919-01-01T00:00:00Z,Gefreit ohne Liebe,Q136801121,Q136801122
230,Q136801121,Gefreit ohne Liebe (Erstausgabe von 1919),Q566964,Annie Hruschka,1919-01-01T00:00:00Z,Gefreit ohne Liebe,,
231,Q136801122,Gefreit ohne Liebe (Projekt Gutenberg-DE Edition),Q566964,Annie Hruschka,,Gefreit ohne Liebe,,
232,Q136801123,Das Geheimnis vom Brintnerhof,Q566964,Annie Hruschka,1924-01-01T00:00:00Z,Das Geheimnis vom Brintnerhof,Q136801124,Q136801125
233,Q136801124,Das Geheimnis vom Brintnerhof (Erstausgabe von 1924),Q566964,Annie Hruschka,1924-01-01T00:00:00Z,Das Geheimnis vom Brintnerhof,,
234,Q136801125,Das Geheimnis vom Brintnerhof (Projekt Gutenberg-DE Edition),Q566964,Annie Hruschka,,Das Geheimnis vom Brintnerhof,,
235,Q136801126,Der Feind aus dem Dunkel,Q566964,Annie Hruschka,1925-01-01T00:00:00Z,Der Feind aus dem Dunkel,Q136801127,Q136801128
236,Q136801127,Der Feind aus dem Dunkel (Erstausgabe von 1925),Q566964,Annie Hruschka,1925-01-01T00:00:00Z,Der Feind aus dem Dunkel,,
237,Q136801128,Der Feind aus dem Dunkel (Projekt Gutenberg-DE Edition),Q566964,Annie Hruschka,,Der Feind aus dem Dunkel,,
238,Q136801129,Schüsse in der Nacht,Q566964,Annie Hruschka,1914-01-01T00:00:00Z,Schüsse in der Nacht,Q136801130,Q136801131
239,Q136801130,Schüsse in der Nacht (Erstausgabe von 1914),Q566964,Annie Hruschka,1914-01-01T00:00:00Z,Schüsse in der Nacht,,
240,Q136801131,Schüsse in der Nacht (Projekt Gutenberg-DE Edition),Q566964,Annie Hruschka,,Schüsse in der Nacht,,
241,Q136801132,Was bin ich dir?,Q566964,Annie Hruschka,1930-01-01T00:00:00Z,Was bin ich dir?,Q136801133,Q136801134
242,Q136801133,Was bin ich dir? (Erstausgabe von 1930),Q566964,Annie Hruschka,1930-01-01T00:00:00Z,Was bin ich dir?,,
243,Q136801134,Was bin ich dir? (Projekt Gutenberg-DE Edition),Q566964,Annie Hruschka,,Was bin ich dir?,,
244,Q136801135,Das silberne Auto,Q566964,Annie Hruschka,1910-01-01T00:00:00Z,Das silberne Auto,Q136801136,Q136801137
245,Q136801136,Das silberne Auto (Erstausgabe von 1910),Q566964,Annie Hruschka,1910-01-01T00:00:00Z,Das silberne Auto,,
246,Q136801137,Das silberne Auto (Projekt Gutenberg-DE Edition),Q566964,Annie Hruschka,,Das silberne Auto,,
247,Q136801138,"Ich war gebunden, als ich dich sah",Q566964,Annie Hruschka,1915-01-01T00:00:00Z,"Ich war gebunden, als ich dich sah",Q136801139,Q136801140
248,Q136801139,"Ich war gebunden, als ich dich sah (Erstausgabe von 1915)",Q566964,Annie Hruschka,1915-01-01T00:00:00Z,"Ich war gebunden, als ich dich sah",,
249,Q136801140,"Ich war gebunden, als ich dich sah (Projekt Gutenberg-DE Edition)",Q566964,Annie Hruschka,,"Ich war gebunden, als ich dich sah",,
250,Q136801142,Großmütterchen,Q1601972,Helene Hübener,1902-01-01T00:00:00Z,Großmütterchen,Q136801143,Q136801144
251,Q136801143,Großmütterchen (Erstausgabe von 1902),Q1601972,Helene Hübener,1902-01-01T00:00:00Z,Großmütterchen,,
252,Q136801144,Großmütterchen (Projekt Gutenberg-DE Edition),Q1601972,Helene Hübener,,Großmütterchen,,
253,Q136801145,Maria und Lisa,Q1601972,Helene Hübener,1904-01-01T00:00:00Z,Maria und Lisa,Q136801146,Q136801147
254,Q136801146,Maria und Lisa (Erstausgabe von 1904),Q1601972,Helene Hübener,1904-01-01T00:00:00Z,Maria und Lisa,,
255,Q136801147,Maria und Lisa (Projekt Gutenberg-DE Edition),Q1601972,Helene Hübener,,Maria und Lisa,,
256,Q136801148,Die Nachbarn,Q1601972,Helene Hübener,1914-01-01T00:00:00Z,Die Nachbarn,Q136801149,Q136801150
257,Q136801149,Die Nachbarn (Erstausgabe von 1914),Q1601972,Helene Hübener,1914-01-01T00:00:00Z,Die Nachbarn,,
258,Q136801150,Die Nachbarn (Projekt Gutenberg-DE Edition),Q1601972,Helene Hübener,,Die Nachbarn,,
259,Q136801151,Unter einem Dach,Q1601972,Helene Hübener,1897-01-01T00:00:00Z,Unter einem Dach,Q136801152,Q136801153
260,Q136801152,Unter einem Dach (Erstausgabe von 1897),Q1601972,Helene Hübener,1897-01-01T00:00:00Z,Unter einem Dach,,
261,Q136801153,Unter einem Dach (Projekt Gutenberg-DE Edition),Q1601972,Helene Hübener,,Unter einem Dach,,
262,Q136801155,Es muß doch Frühling werden,Q1601972,Helene Hübener,1884-01-01T00:00:00Z,Es muß doch Frühling werden,Q136801156,Q136801157
263,Q136801156,Es muß doch Frühling werden (Erstausgabe von 1884),Q1601972,Helene Hübener,1884-01-01T00:00:00Z,Es muß doch Frühling werden,,
264,Q136801157,Es muß doch Frühling werden (Projekt Gutenberg-DE Edition),Q1601972,Helene Hübener,,Es muß doch Frühling werden,,
265,Q136801158,Die drei Freundinnen,Q1601972,Helene Hübener,1899-01-01T00:00:00Z,Die drei Freundinnen,Q136801159,Q136801160
266,Q136801159,Die drei Freundinnen (Erstausgabe von 1899),Q1601972,Helene Hübener,1899-01-01T00:00:00Z,Die drei Freundinnen,,
267,Q136801160,Die drei Freundinnen (Projekt Gutenberg-DE Edition),Q1601972,Helene Hübener,,Die drei Freundinnen,,
268,Q136801161,Aus dem Leben einer Waise,Q1601972,Helene Hübener,1912-01-01T00:00:00Z,Aus dem Leben einer Waise,Q136801162,Q136801163
269,Q136801162,Aus dem Leben einer Waise (Erstausgabe von 1912),Q1601972,Helene Hübener,1912-01-01T00:00:00Z,Aus dem Leben einer Waise,,
270,Q136801163,Aus dem Leben einer Waise (Projekt Gutenberg-DE Edition),Q1601972,Helene Hübener,,Aus dem Leben einer Waise,,
271,Q136801164,Im Rosenhaus,Q1601972,Helene Hübener,1910-01-01T00:00:00Z,Im Rosenhaus,Q136801166,Q136801167
272,Q136801166,Im Rosenhaus (Erstausgabe von 1910),Q1601972,Helene Hübener,1910-01-01T00:00:00Z,Im Rosenhaus,,
273,Q136801167,Im Rosenhaus (Projekt Gutenberg-DE Edition),Q1601972,Helene Hübener,,Im Rosenhaus,,
274,Q136801168,Nur treu,Q1601972,Helene Hübener,1896-01-01T00:00:00Z,Nur treu,Q136801169,Q136801171
275,Q136801169,Nur treu (Erstausgabe von 1896),Q1601972,Helene Hübener,1896-01-01T00:00:00Z,Nur treu,,
276,Q136801171,Nur treu (Projekt Gutenberg-DE Edition),Q1601972,Helene Hübener,,Nur treu,,
277,Q136801172,Rosmarin,Q1660841,Ina Jens,1928-01-01T00:00:00Z,Rosmarin,Q136801173,Q136801174
278,Q136801173,Rosmarin (Erstausgabe von 1928),Q1660841,Ina Jens,1928-01-01T00:00:00Z,Rosmarin,,
279,Q136801174,Rosmarin (Projekt Gutenberg-DE Edition),Q1660841,Ina Jens,,Rosmarin,,
280,Q136801175,Maja,Q1660841,Ina Jens,1926-01-01T00:00:00Z,Maja,Q136801176,Q136801177
281,Q136801176,Maja (Erstausgabe von 1926),Q1660841,Ina Jens,1926-01-01T00:00:00Z,Maja,,
282,Q136801177,Maja (Projekt Gutenberg-DE Edition),Q1660841,Ina Jens,,Maja,,
283,Q136801178,Schibes,Q2649555,Alma Johanna Koenig,1920-01-01T00:00:00Z,Schibes,Q136801179,Q136801180
284,Q136801179,Schibes (Erstausgabe von 1920),Q2649555,Alma Johanna Koenig,1920-01-01T00:00:00Z,Schibes,,
285,Q136801180,Schibes (Projekt Gutenberg-DE Edition),Q2649555,Alma Johanna Koenig,,Schibes,,
286,Q136801181,Die Geschichte von Half dem Weibe,Q2649555,Alma Johanna Koenig,1924-01-01T00:00:00Z,Die Geschichte von Half dem Weibe,Q136801182,Q136801183
287,Q136801182,Die Geschichte von Half dem Weibe (Erstausgabe von 1924),Q2649555,Alma Johanna Koenig,1924-01-01T00:00:00Z,Die Geschichte von Half dem Weibe,,
288,Q136801183,Die Geschichte von Half dem Weibe (Projekt Gutenberg-DE Edition),Q2649555,Alma Johanna Koenig,,Die Geschichte von Half dem Weibe,,
289,Q136801184,Der heilige Palast,Q2649555,Alma Johanna Koenig,1922-01-01T00:00:00Z,Der heilige Palast,Q136801185,Q136801186
290,Q136801185,Der heilige Palast (Erstausgabe von 1922),Q2649555,Alma Johanna Koenig,1922-01-01T00:00:00Z,Der heilige Palast,,
291,Q136801186,Der heilige Palast (Projekt Gutenberg-DE Edition),Q2649555,Alma Johanna Koenig,,Der heilige Palast,,
292,Q136801187,Gudrun,Q2649555,Alma Johanna Koenig,1928-01-01T00:00:00Z,Gudrun,Q136801188,Q136801189
293,Q136801188,Gudrun (Erstausgabe von 1928),Q2649555,Alma Johanna Koenig,1928-01-01T00:00:00Z,Gudrun,,
294,Q136801189,Gudrun (Projekt Gutenberg-DE Edition),Q2649555,Alma Johanna Koenig,,Gudrun,,
295,Q136801190,Amey,Q1457048,Friederike Henriette Kraze,1922-01-01T00:00:00Z,Amey,Q136801191,Q136801192
296,Q136801191,Amey (Erstausgabe von 1922),Q1457048,Friederike Henriette Kraze,1922-01-01T00:00:00Z,Amey,,
297,Q136801192,Amey (Projekt Gutenberg-DE Edition),Q1457048,Friederike Henriette Kraze,,Amey,,
298,Q136801193,Aus Nacht zum Licht,Q17321731,Frida von Kronoff,1899-01-01T00:00:00Z,Aus Nacht zum Licht,Q136801194,Q136801195
299,Q136801194,Aus Nacht zum Licht (Erstausgabe von 1899),Q17321731,Frida von Kronoff,1899-01-01T00:00:00Z,Aus Nacht zum Licht,,
300,Q136801195,Aus Nacht zum Licht (Projekt Gutenberg-DE Edition),Q17321731,Frida von Kronoff,,Aus Nacht zum Licht,,
301,Q136801196,Das Haus im Moor,Q1745845,Nanny Lambrecht,1912-01-01T00:00:00Z,Das Haus im Moor,Q136801197,Q136801198
302,Q136801197,Das Haus im Moor (Erstausgabe von 1912),Q1745845,Nanny Lambrecht,1912-01-01T00:00:00Z,Das Haus im Moor,,
303,Q136801198,Das Haus im Moor (Projekt Gutenberg-DE Edition),Q1745845,Nanny Lambrecht,,Das Haus im Moor,,
304,Q136801199,Hotel Amerika,Q1896079,Maria Leitner,1930-01-01T00:00:00Z,Hotel Amerika,Q136801200,Q136801201
305,Q136801200,Hotel Amerika (Erstausgabe von 1930),Q1896079,Maria Leitner,1930-01-01T00:00:00Z,Hotel Amerika,,
306,Q136801201,Hotel Amerika (Projekt Gutenberg-DE Edition),Q1896079,Maria Leitner,,Hotel Amerika,,
307,Q136801202,Sandkorn im Sturm,Q1896079,Maria Leitner,1929-01-01T00:00:00Z,Sandkorn im Sturm,Q136801203,Q136801204
308,Q136801203,Sandkorn im Sturm (Erstausgabe von 1929),Q1896079,Maria Leitner,1929-01-01T00:00:00Z,Sandkorn im Sturm,,
309,Q136801204,Sandkorn im Sturm (Projekt Gutenberg-DE Edition),Q1896079,Maria Leitner,,Sandkorn im Sturm,,
310,Q136801205,Giovanna,Q18916635,Adda von Liliencron,1897-01-01T00:00:00Z,Giovanna,Q136801206,Q136801207
311,Q136801206,Giovanna (Erstausgabe von 1897),Q18916635,Adda von Liliencron,1897-01-01T00:00:00Z,Giovanna,,
312,Q136801207,Giovanna (Projekt Gutenberg-DE Edition),Q18916635,Adda von Liliencron,,Giovanna,,
313,Q136801208,Hochwaldzauber,Q1330460,Elisabeth von Maltzahn,1919-01-01T00:00:00Z,Hochwaldzauber,Q136801209,Q136801210
314,Q136801209,Hochwaldzauber (Erstausgabe von 1919),Q1330460,Elisabeth von Maltzahn,1919-01-01T00:00:00Z,Hochwaldzauber,,
315,Q136801210,Hochwaldzauber (Projekt Gutenberg-DE Edition),Q1330460,Elisabeth von Maltzahn,,Hochwaldzauber,,
316,Q136801211,Contra naturam?,Q1330460,Elisabeth von Maltzahn,1912-01-01T00:00:00Z,Contra naturam?,Q136801212,Q136801213
317,Q136801212,Contra naturam? (Erstausgabe von 1912),Q1330460,Elisabeth von Maltzahn,1912-01-01T00:00:00Z,Contra naturam?,,
318,Q136801213,Contra naturam? (Projekt Gutenberg-DE Edition),Q1330460,Elisabeth von Maltzahn,,Contra naturam?,,
319,Q136801214,Wenn Mütter sündigen ...,Q1330460,Elisabeth von Maltzahn,1920-01-01T00:00:00Z,Wenn Mütter sündigen ...,Q136801215,Q136801216
320,Q136801215,Wenn Mütter sündigen ... (Erstausgabe von 1920),Q1330460,Elisabeth von Maltzahn,1920-01-01T00:00:00Z,Wenn Mütter sündigen ...,,
321,Q136801216,Wenn Mütter sündigen ... (Projekt Gutenberg-DE Edition),Q1330460,Elisabeth von Maltzahn,,Wenn Mütter sündigen ...,,
322,Q136801218,Doktor Bernhardus,Q1330460,Elisabeth von Maltzahn,1905-01-01T00:00:00Z,Doktor Bernhardus,Q136801219,Q136801220
323,Q136801219,Doktor Bernhardus (Erstausgabe von 1905),Q1330460,Elisabeth von Maltzahn,1905-01-01T00:00:00Z,Doktor Bernhardus,,
324,Q136801220,Doktor Bernhardus (Projekt Gutenberg-DE Edition),Q1330460,Elisabeth von Maltzahn,,Doktor Bernhardus,,
325,Q136801221,Eine Königin von Frankreich und Navarra,Q1330460,Elisabeth von Maltzahn,1903-01-01T00:00:00Z,Eine Königin von Frankreich und Navarra,Q136801222,Q136801223
326,Q136801222,Eine Königin von Frankreich und Navarra (Erstausgabe von 1903),Q1330460,Elisabeth von Maltzahn,1903-01-01T00:00:00Z,Eine Königin von Frankreich und Navarra,,
327,Q136801223,Eine Königin von Frankreich und Navarra (Projekt Gutenberg-DE Edition),Q1330460,Elisabeth von Maltzahn,,Eine Königin von Frankreich und Navarra,,
328,Q136801224,Frau Doktor Breuer,Q63485608,Helene von Mühlau,1920-01-01T00:00:00Z,Frau Doktor Breuer,Q136801225,Q136801226
329,Q136801225,Frau Doktor Breuer (Erstausgabe von 1920),Q63485608,Helene von Mühlau,1920-01-01T00:00:00Z,Frau Doktor Breuer,,
330,Q136801226,Frau Doktor Breuer (Projekt Gutenberg-DE Edition),Q63485608,Helene von Mühlau,,Frau Doktor Breuer,,
331,Q136801227,Ich bekenne,Q1095223,Clara Müller-Jahnke,1904-01-01T00:00:00Z,Ich bekenne,Q136801228,Q136801229
332,Q136801228,Ich bekenne (Erstausgabe von 1904),Q1095223,Clara Müller-Jahnke,1904-01-01T00:00:00Z,Ich bekenne,,
333,Q136801229,Ich bekenne (Projekt Gutenberg-DE Edition),Q1095223,Clara Müller-Jahnke,,Ich bekenne,,
334,Q136801230,Aus dänischer Zeit,Q74303,Charlotte Niese,1894-01-01T00:00:00Z,Aus dänischer Zeit,Q136801231,Q136801232
335,Q136801231,Aus dänischer Zeit (Erstausgabe von 1894),Q74303,Charlotte Niese,1894-01-01T00:00:00Z,Aus dänischer Zeit,,
336,Q136801232,Aus dänischer Zeit (Projekt Gutenberg-DE Edition),Q74303,Charlotte Niese,,Aus dänischer Zeit,,
337,Q136801233,Als der Mond in Dorothees Zimmer schien,Q74303,Charlotte Niese,1917-01-01T00:00:00Z,Als der Mond in Dorothees Zimmer schien,Q136801234,Q136801235
338,Q136801234,Als der Mond in Dorothees Zimmer schien (Erstausgabe von 1917),Q74303,Charlotte Niese,1917-01-01T00:00:00Z,Als der Mond in Dorothees Zimmer schien,,
339,Q136801235,Als der Mond in Dorothees Zimmer schien (Projekt Gutenberg-DE Edition),Q74303,Charlotte Niese,,Als der Mond in Dorothees Zimmer schien,,
340,Q136801238,Er und Sie und andere Novellen,Q74303,Charlotte Niese,1925-01-01T00:00:00Z,Er und Sie und andere Novellen,Q136801239,Q136801240
341,Q136801239,Er und Sie und andere Novellen (Erstausgabe von 1925),Q74303,Charlotte Niese,1925-01-01T00:00:00Z,Er und Sie und andere Novellen,,
342,Q136801240,Er und Sie und andere Novellen (Projekt Gutenberg-DE Edition),Q74303,Charlotte Niese,,Er und Sie und andere Novellen,,
343,Q136801241,Kajus Rungholt,Q74303,Charlotte Niese,1886-01-01T00:00:00Z,Kajus Rungholt,Q136801242,Q136801243
344,Q136801242,Kajus Rungholt (Erstausgabe von 1886),Q74303,Charlotte Niese,1886-01-01T00:00:00Z,Kajus Rungholt,,
345,Q136801243,Kajus Rungholt (Projekt Gutenberg-DE Edition),Q74303,Charlotte Niese,,Kajus Rungholt,,
346,Q136801244,Der verrückte Flinsheim,Q74303,Charlotte Niese,1914-01-01T00:00:00Z,Der verrückte Flinsheim,Q136801245,Q136801246
347,Q136801245,Der verrückte Flinsheim (Erstausgabe von 1914),Q74303,Charlotte Niese,1914-01-01T00:00:00Z,Der verrückte Flinsheim,,
348,Q136801246,Der verrückte Flinsheim (Projekt Gutenberg-DE Edition),Q74303,Charlotte Niese,,Der verrückte Flinsheim,,
349,Q136801247,Geschichten aus Holstein,Q74303,Charlotte Niese,1896-01-01T00:00:00Z,Geschichten aus Holstein,Q136801248,Q136801249
350,Q136801248,Geschichten aus Holstein (Erstausgabe von 1896),Q74303,Charlotte Niese,1896-01-01T00:00:00Z,Geschichten aus Holstein,,
351,Q136801249,Geschichten aus Holstein (Projekt Gutenberg-DE Edition),Q74303,Charlotte Niese,,Geschichten aus Holstein,,
352,Q136801250,Mamsell van Ehren,Q74303,Charlotte Niese,1924-01-01T00:00:00Z,Mamsell van Ehren,Q136801251,Q136801252
353,Q136801251,Mamsell van Ehren (Erstausgabe von 1924),Q74303,Charlotte Niese,1924-01-01T00:00:00Z,Mamsell van Ehren,,
354,Q136801252,Mamsell van Ehren (Projekt Gutenberg-DE Edition),Q74303,Charlotte Niese,,Mamsell van Ehren,,
355,Q136801253,Mein Freund Kaspar und andere Erzählungen,Q74303,Charlotte Niese,1911-01-01T00:00:00Z,Mein Freund Kaspar und andere Erzählungen,Q136801254,Q136801255
356,Q136801254,Mein Freund Kaspar und andere Erzählungen (Erstausgabe von 1911),Q74303,Charlotte Niese,1911-01-01T00:00:00Z,Mein Freund Kaspar und andere Erzählungen,,
357,Q136801255,Mein Freund Kaspar und andere Erzählungen (Projekt Gutenberg-DE Edition),Q74303,Charlotte Niese,,Mein Freund Kaspar und andere Erzählungen,,
358,Q136801256,Ob er wohl Fiekchen heirathen kann?,Q1897556,Marie von Olfers,1876-01-01T00:00:00Z,Ob er wohl Fiekchen heirathen kann?,Q136801257,Q136801258
359,Q136801257,Ob er wohl Fiekchen heirathen kann? (Erstausgabe von 1876),Q1897556,Marie von Olfers,1876-01-01T00:00:00Z,Ob er wohl Fiekchen heirathen kann?,,
360,Q136801258,Ob er wohl Fiekchen heirathen kann? (Projekt Gutenberg-DE Edition),Q1897556,Marie von Olfers,,Ob er wohl Fiekchen heirathen kann?,,
361,Q136801259,Frost in Blüthen,Q1897556,Marie von Olfers,1876-01-01T00:00:00Z,Frost in Blüthen,Q136801260,Q136801261
362,Q136801260,Frost in Blüthen (Erstausgabe von 1876),Q1897556,Marie von Olfers,1876-01-01T00:00:00Z,Frost in Blüthen,,
363,Q136801261,Frost in Blüthen (Projekt Gutenberg-DE Edition),Q1897556,Marie von Olfers,,Frost in Blüthen,,
364,Q136801262,Eigenthum,Q1897556,Marie von Olfers,1876-01-01T00:00:00Z,Eigenthum,Q136801263,Q136801264
365,Q136801263,Eigenthum (Erstausgabe von 1876),Q1897556,Marie von Olfers,1876-01-01T00:00:00Z,Eigenthum,,
366,Q136801264,Eigenthum (Projekt Gutenberg-DE Edition),Q1897556,Marie von Olfers,,Eigenthum,,
367,Q136801265,Jungfer Modeste,Q1897556,Marie von Olfers,1876-01-01T00:00:00Z,Jungfer Modeste,Q136801266,Q136801268
368,Q136801266,Jungfer Modeste (Erstausgabe von 1876),Q1897556,Marie von Olfers,1876-01-01T00:00:00Z,Jungfer Modeste,,
369,Q136801268,Jungfer Modeste (Projekt Gutenberg-DE Edition),Q1897556,Marie von Olfers,,Jungfer Modeste,,
370,Q136801269,Das graue Haus in der Rue Richelieu / Eine Criminalgeschichte,Q1459744,Karoline Pierson,1867-01-01T00:00:00Z,Das graue Haus in der Rue Richelieu / Eine Criminalgeschichte,Q136801270,Q136801271
371,Q136801270,Das graue Haus in der Rue Richelieu / Eine Criminalgeschichte (Erstausgabe von 1867),Q1459744,Karoline Pierson,1867-01-01T00:00:00Z,Das graue Haus in der Rue Richelieu / Eine Criminalgeschichte,,
372,Q136801271,Das graue Haus in der Rue Richelieu / Eine Criminalgeschichte (Projekt Gutenberg-DE Edition),Q1459744,Karoline Pierson,,Das graue Haus in der Rue Richelieu / Eine Criminalgeschichte,,
373,Q136801272,Drude,Q110958,Gertrud Prellwitz,1921-01-01T00:00:00Z,Drude,Q136801273,Q136801274
374,Q136801273,Drude (Erstausgabe von 1921),Q110958,Gertrud Prellwitz,1921-01-01T00:00:00Z,Drude,,
375,Q136801274,Drude (Projekt Gutenberg-DE Edition),Q110958,Gertrud Prellwitz,,Drude,,
376,Q136801275,Der Major,Q16739230,Luise Reinhardt,1869-01-01T00:00:00Z,Der Major,Q136801276,Q136801277
377,Q136801276,Der Major (Erstausgabe von 1869),Q16739230,Luise Reinhardt,1869-01-01T00:00:00Z,Der Major,,
378,Q136801277,Der Major (Projekt Gutenberg-DE Edition),Q16739230,Luise Reinhardt,,Der Major,,
379,Q136801278,Aus dem Strome der Gegenwart,Q16739230,Luise Reinhardt,1865-01-01T00:00:00Z,Aus dem Strome der Gegenwart,Q136801279,Q136801280
380,Q136801279,Aus dem Strome der Gegenwart (Erstausgabe von 1865),Q16739230,Luise Reinhardt,1865-01-01T00:00:00Z,Aus dem Strome der Gegenwart,,
381,Q136801280,Aus dem Strome der Gegenwart (Projekt Gutenberg-DE Edition),Q16739230,Luise Reinhardt,,Aus dem Strome der Gegenwart,,
382,Q136801281,Die Liebende,Q2419609,Therese Rie,1914-01-01T00:00:00Z,Die Liebende,Q136801282,Q136801283
383,Q136801282,Die Liebende (Erstausgabe von 1914),Q2419609,Therese Rie,1914-01-01T00:00:00Z,Die Liebende,,
384,Q136801283,Die Liebende (Projekt Gutenberg-DE Edition),Q2419609,Therese Rie,,Die Liebende,,
385,Q136801284,Heideschulmeister Uwe Karsten,Q1403083,Felicitas Rose,1909-01-01T00:00:00Z,Heideschulmeister Uwe Karsten,Q136801285,Q136801286
386,Q136801285,Heideschulmeister Uwe Karsten (Erstausgabe von 1909),Q1403083,Felicitas Rose,1909-01-01T00:00:00Z,Heideschulmeister Uwe Karsten,,
387,Q136801286,Heideschulmeister Uwe Karsten (Projekt Gutenberg-DE Edition),Q1403083,Felicitas Rose,,Heideschulmeister Uwe Karsten,,
388,Q136801287,Bilder aus den vier Wänden,Q1403083,Felicitas Rose,1911-01-01T00:00:00Z,Bilder aus den vier Wänden,Q136801288,Q136801289
389,Q136801288,Bilder aus den vier Wänden (Erstausgabe von 1911),Q1403083,Felicitas Rose,1911-01-01T00:00:00Z,Bilder aus den vier Wänden,,
390,Q136801289,Bilder aus den vier Wänden (Projekt Gutenberg-DE Edition),Q1403083,Felicitas Rose,,Bilder aus den vier Wänden,,
391,Q136801290,Das Haus mit den grünen Fensterläden,Q1403083,Felicitas Rose,1930-01-01T00:00:00Z,Das Haus mit den grünen Fensterläden,Q136801291,Q136801292
392,Q136801291,Das Haus mit den grünen Fensterläden (Erstausgabe von 1930),Q1403083,Felicitas Rose,1930-01-01T00:00:00Z,Das Haus mit den grünen Fensterläden,,
393,Q136801292,Das Haus mit den grünen Fensterläden (Projekt Gutenberg-DE Edition),Q1403083,Felicitas Rose,,Das Haus mit den grünen Fensterläden,,
394,Q136801293,Kerlchen als Anstandsdame,Q1403083,Felicitas Rose,1903-01-01T00:00:00Z,Kerlchen als Anstandsdame,Q136801294,Q136801295
395,Q136801294,Kerlchen als Anstandsdame (Erstausgabe von 1903),Q1403083,Felicitas Rose,1903-01-01T00:00:00Z,Kerlchen als Anstandsdame,,
396,Q136801295,Kerlchen als Anstandsdame (Projekt Gutenberg-DE Edition),Q1403083,Felicitas Rose,,Kerlchen als Anstandsdame,,
397,Q136801296,Kerlchens Lern- und Wanderjahre,Q1403083,Felicitas Rose,1903-01-01T00:00:00Z,Kerlchens Lern- und Wanderjahre,Q136801297,Q136801298
398,Q136801297,Kerlchens Lern- und Wanderjahre (Erstausgabe von 1903),Q1403083,Felicitas Rose,1903-01-01T00:00:00Z,Kerlchens Lern- und Wanderjahre,,
399,Q136801298,Kerlchens Lern- und Wanderjahre (Projekt Gutenberg-DE Edition),Q1403083,Felicitas Rose,,Kerlchens Lern- und Wanderjahre,,
400,Q136801299,Kerlchen als Sorgen- und Sektbrecher,Q1403083,Felicitas Rose,1903-01-01T00:00:00Z,Kerlchen als Sorgen- und Sektbrecher,Q136801300,Q136801301
401,Q136801300,Kerlchen als Sorgen- und Sektbrecher (Erstausgabe von 1903),Q1403083,Felicitas Rose,1903-01-01T00:00:00Z,Kerlchen als Sorgen- und Sektbrecher,,
402,Q136801301,Kerlchen als Sorgen- und Sektbrecher (Projekt Gutenberg-DE Edition),Q1403083,Felicitas Rose,,Kerlchen als Sorgen- und Sektbrecher,,
403,Q136801303,Das verlorene Kind,Q108097,Rahel Sanzara,1926-01-01T00:00:00Z,Das verlorene Kind,Q136801304,Q136801305
404,Q136801304,Das verlorene Kind (Erstausgabe von 1926),Q108097,Rahel Sanzara,1926-01-01T00:00:00Z,Das verlorene Kind,,
405,Q136801305,Das verlorene Kind (Projekt Gutenberg-DE Edition),Q108097,Rahel Sanzara,,Das verlorene Kind,,
406,Q136801306,Huberta Sollacher,Q2696691,Frida Schanz,1904-01-01T00:00:00Z,Huberta Sollacher,Q136801307,Q136801308
407,Q136801307,Huberta Sollacher (Erstausgabe von 1904),Q2696691,Frida Schanz,1904-01-01T00:00:00Z,Huberta Sollacher,,
408,Q136801308,Huberta Sollacher (Projekt Gutenberg-DE Edition),Q2696691,Frida Schanz,,Huberta Sollacher,,
409,Q136801309,Der flammende Baum,Q2696691,Frida Schanz,1916-01-01T00:00:00Z,Der flammende Baum,Q136801310,Q136801311
410,Q136801310,Der flammende Baum (Erstausgabe von 1916),Q2696691,Frida Schanz,1916-01-01T00:00:00Z,Der flammende Baum,,
411,Q136801311,Der flammende Baum (Projekt Gutenberg-DE Edition),Q2696691,Frida Schanz,,Der flammende Baum,,
412,Q136801313,Gesammelte Immergrün-Geschichten,Q563171,Anna Schieber,1910-01-01T00:00:00Z,Gesammelte Immergrün-Geschichten,Q136801314,Q136801315
413,Q136801314,Gesammelte Immergrün-Geschichten (Erstausgabe von 1910),Q563171,Anna Schieber,1910-01-01T00:00:00Z,Gesammelte Immergrün-Geschichten,,
414,Q136801315,Gesammelte Immergrün-Geschichten (Projekt Gutenberg-DE Edition),Q563171,Anna Schieber,,Gesammelte Immergrün-Geschichten,,
415,Q136801316,... und hätte der Liebe nicht,Q563171,Anna Schieber,1912-01-01T00:00:00Z,... und hätte der Liebe nicht,Q136801317,Q136801318
416,Q136801317,... und hätte der Liebe nicht (Erstausgabe von 1912),Q563171,Anna Schieber,1912-01-01T00:00:00Z,... und hätte der Liebe nicht,,
417,Q136801318,... und hätte der Liebe nicht (Projekt Gutenberg-DE Edition),Q563171,Anna Schieber,,... und hätte der Liebe nicht,,
418,Q136801319,Subotins Erbe,Q1490644,Gabriele von Schlippenbach,1905-01-01T00:00:00Z,Subotins Erbe,Q136801320,Q136801321
419,Q136801320,Subotins Erbe (Erstausgabe von 1905),Q1490644,Gabriele von Schlippenbach,1905-01-01T00:00:00Z,Subotins Erbe,,
420,Q136801321,Subotins Erbe (Projekt Gutenberg-DE Edition),Q1490644,Gabriele von Schlippenbach,,Subotins Erbe,,
421,Q136801322,Die Liebe des Geigerkönigs Radanyi,Q1670757,Josephine Schneider-Foerstl,1926-01-01T00:00:00Z,Die Liebe des Geigerkönigs Radanyi,Q136801323,Q136801324
422,Q136801323,Die Liebe des Geigerkönigs Radanyi (Erstausgabe von 1926),Q1670757,Josephine Schneider-Foerstl,1926-01-01T00:00:00Z,Die Liebe des Geigerkönigs Radanyi,,
423,Q136801324,Die Liebe des Geigerkönigs Radanyi (Projekt Gutenberg-DE Edition),Q1670757,Josephine Schneider-Foerstl,,Die Liebe des Geigerkönigs Radanyi,,
424,Q136801325,Künstlerblut,Q1549660,Hedwig Schobert,1892-01-01T00:00:00Z,Künstlerblut,Q136801326,Q136801327
425,Q136801326,Künstlerblut (Erstausgabe von 1892),Q1549660,Hedwig Schobert,1892-01-01T00:00:00Z,Künstlerblut,,
426,Q136801327,Künstlerblut (Projekt Gutenberg-DE Edition),Q1549660,Hedwig Schobert,,Künstlerblut,,
427,Q136801329,Der Waldwächter,Q1095161,Clara Schachne,1890-01-01T00:00:00Z,Der Waldwächter,Q136801330,Q136801331
428,Q136801330,Der Waldwächter (Erstausgabe von 1890),Q1095161,Clara Schachne,1890-01-01T00:00:00Z,Der Waldwächter,,
429,Q136801331,Der Waldwächter (Projekt Gutenberg-DE Edition),Q1095161,Clara Schachne,,Der Waldwächter,,
430,Q136801332,Pfadfinder,Q826415,Bernhardine Schulze-Smidt,1889-01-01T00:00:00Z,Pfadfinder,Q136801333,Q136801334
431,Q136801333,Pfadfinder (Erstausgabe von 1889),Q826415,Bernhardine Schulze-Smidt,1889-01-01T00:00:00Z,Pfadfinder,,
432,Q136801334,Pfadfinder (Projekt Gutenberg-DE Edition),Q826415,Bernhardine Schulze-Smidt,,Pfadfinder,,
433,Q136801335,In Moor und Marsch,Q826415,Bernhardine Schulze-Smidt,1893-01-01T00:00:00Z,In Moor und Marsch,Q136801336,Q136801337
434,Q136801336,In Moor und Marsch (Erstausgabe von 1893),Q826415,Bernhardine Schulze-Smidt,1893-01-01T00:00:00Z,In Moor und Marsch,,
435,Q136801337,In Moor und Marsch (Projekt Gutenberg-DE Edition),Q826415,Bernhardine Schulze-Smidt,,In Moor und Marsch,,
436,Q136801339,Die Beichte,Q120447,Ilse von Stach,1913-01-01T00:00:00Z,Die Beichte,Q136801340,Q136801341
437,Q136801340,Die Beichte (Erstausgabe von 1913),Q120447,Ilse von Stach,1913-01-01T00:00:00Z,Die Beichte,,
438,Q136801341,Die Beichte (Projekt Gutenberg-DE Edition),Q120447,Ilse von Stach,,Die Beichte,,
439,Q136801342,Die Sendlinge von Voghera,Q120447,Ilse von Stach,1910-01-01T00:00:00Z,Die Sendlinge von Voghera,Q136801343,Q136801344
440,Q136801343,Die Sendlinge von Voghera (Erstausgabe von 1910),Q120447,Ilse von Stach,1910-01-01T00:00:00Z,Die Sendlinge von Voghera,,
441,Q136801344,Die Sendlinge von Voghera (Projekt Gutenberg-DE Edition),Q120447,Ilse von Stach,,Die Sendlinge von Voghera,,
442,Q136801345,Der Sträfling mit dem Rosenkranz,Q523418,Maria Scholz,1925-01-01T00:00:00Z,Der Sträfling mit dem Rosenkranz,Q136801346,Q136801347
443,Q136801346,Der Sträfling mit dem Rosenkranz (Erstausgabe von 1925),Q523418,Maria Scholz,1925-01-01T00:00:00Z,Der Sträfling mit dem Rosenkranz,,
444,Q136801347,Der Sträfling mit dem Rosenkranz (Projekt Gutenberg-DE Edition),Q523418,Maria Scholz,,Der Sträfling mit dem Rosenkranz,,
445,Q136801348,Das Gelübde einer dreißigjährigen Frau,Q19218968,Marie Tihanyi Sturza,1905-01-01T00:00:00Z,Das Gelübde einer dreißigjährigen Frau,Q136801349,Q136801350
446,Q136801349,Das Gelübde einer dreißigjährigen Frau (Erstausgabe von 1905),Q19218968,Marie Tihanyi Sturza,1905-01-01T00:00:00Z,Das Gelübde einer dreißigjährigen Frau,,
447,Q136801350,Das Gelübde einer dreißigjährigen Frau (Projekt Gutenberg-DE Edition),Q19218968,Marie Tihanyi Sturza,,Das Gelübde einer dreißigjährigen Frau,,
448,Q136801351,Jungfrau Königin,Q1588192,Margarethe von Sydow,1902-01-01T00:00:00Z,Jungfrau Königin,Q136801352,Q136801353
449,Q136801352,Jungfrau Königin (Erstausgabe von 1902),Q1588192,Margarethe von Sydow,1902-01-01T00:00:00Z,Jungfrau Königin,,
450,Q136801353,Jungfrau Königin (Projekt Gutenberg-DE Edition),Q1588192,Margarethe von Sydow,,Jungfrau Königin,,
451,Q136801354,Die vom Köbinghof,Q1588192,Margarethe von Sydow,1917-01-01T00:00:00Z,Die vom Köbinghof,Q136801355,Q136801356
452,Q136801355,Die vom Köbinghof (Erstausgabe von 1917),Q1588192,Margarethe von Sydow,1917-01-01T00:00:00Z,Die vom Köbinghof,,
453,Q136801356,Die vom Köbinghof (Projekt Gutenberg-DE Edition),Q1588192,Margarethe von Sydow,,Die vom Köbinghof,,
454,Q136801357,Anna Steinhofer,Q1588192,Margarethe von Sydow,1904-01-01T00:00:00Z,Anna Steinhofer,Q136801358,Q136801359
455,Q136801358,Anna Steinhofer (Erstausgabe von 1904),Q1588192,Margarethe von Sydow,1904-01-01T00:00:00Z,Anna Steinhofer,,
456,Q136801359,Anna Steinhofer (Projekt Gutenberg-DE Edition),Q1588192,Margarethe von Sydow,,Anna Steinhofer,,
457,Q136801360,Der Geigenheiner vom Karwendel. Eine liebe Last,Q81300004,Maria Titelius,1862-01-01T00:00:00Z,Der Geigenheiner vom Karwendel. Eine liebe Last,Q136801361,Q136801363
458,Q136801361,Der Geigenheiner vom Karwendel. Eine liebe Last (Erstausgabe von 1862),Q81300004,Maria Titelius,1862-01-01T00:00:00Z,Der Geigenheiner vom Karwendel. Eine liebe Last,,
459,Q136801363,Der Geigenheiner vom Karwendel. Eine liebe Last (Projekt Gutenberg-DE Edition),Q81300004,Maria Titelius,,Der Geigenheiner vom Karwendel. Eine liebe Last,,
460,Q136801364,Am Glück vorbei,Q1621969,Magda Trott,1921-01-01T00:00:00Z,Am Glück vorbei,Q136801365,Q136801366
461,Q136801365,Am Glück vorbei (Erstausgabe von 1921),Q1621969,Magda Trott,1921-01-01T00:00:00Z,Am Glück vorbei,,
462,Q136801366,Am Glück vorbei (Projekt Gutenberg-DE Edition),Q1621969,Magda Trott,,Am Glück vorbei,,
463,Q136801367,Irrwege,Q1621969,Magda Trott,1921-01-01T00:00:00Z,Irrwege,Q136801368,Q136801369
464,Q136801368,Irrwege (Erstausgabe von 1921),Q1621969,Magda Trott,1921-01-01T00:00:00Z,Irrwege,,
465,Q136801369,Irrwege (Projekt Gutenberg-DE Edition),Q1621969,Magda Trott,,Irrwege,,
466,Q136801370,Burgfriede,Q15452068,Emma Simon,1917-01-01T00:00:00Z,Burgfriede,Q136801371,Q136801372
467,Q136801371,Burgfriede (Erstausgabe von 1917),Q15452068,Emma Simon,1917-01-01T00:00:00Z,Burgfriede,,
468,Q136801372,Burgfriede (Projekt Gutenberg-DE Edition),Q15452068,Emma Simon,,Burgfriede,,
469,Q136801373,Der neue Tag,Q1613614,Hermine Villinger,1903-01-01T00:00:00Z,Der neue Tag,Q136801374,Q136801375
470,Q136801374,Der neue Tag (Erstausgabe von 1903),Q1613614,Hermine Villinger,1903-01-01T00:00:00Z,Der neue Tag,,
471,Q136801375,Der neue Tag (Projekt Gutenberg-DE Edition),Q1613614,Hermine Villinger,,Der neue Tag,,
472,Q136801376,Aus meiner Heimat,Q1613614,Hermine Villinger,1887-01-01T00:00:00Z,Aus meiner Heimat,Q136801377,Q136801378
473,Q136801377,Aus meiner Heimat (Erstausgabe von 1887),Q1613614,Hermine Villinger,1887-01-01T00:00:00Z,Aus meiner Heimat,,
474,Q136801378,Aus meiner Heimat (Projekt Gutenberg-DE Edition),Q1613614,Hermine Villinger,,Aus meiner Heimat,,
475,Q136801379,Aus unserer Zeit - Geschichten,Q1613614,Hermine Villinger,1897-01-01T00:00:00Z,Aus unserer Zeit - Geschichten,Q136801380,Q136801381
476,Q136801380,Aus unserer Zeit - Geschichten (Erstausgabe von 1897),Q1613614,Hermine Villinger,1897-01-01T00:00:00Z,Aus unserer Zeit - Geschichten,,
477,Q136801381,Aus unserer Zeit - Geschichten (Projekt Gutenberg-DE Edition),Q1613614,Hermine Villinger,,Aus unserer Zeit - Geschichten,,
478,Q136801382,Die Rebächle,Q1613614,Hermine Villinger,1911-01-01T00:00:00Z,Die Rebächle,Q136801383,Q136801384
479,Q136801383,Die Rebächle (Erstausgabe von 1911),Q1613614,Hermine Villinger,1911-01-01T00:00:00Z,Die Rebächle,,
480,Q136801384,Die Rebächle (Projekt Gutenberg-DE Edition),Q1613614,Hermine Villinger,,Die Rebächle,,
481,Q136801385,Aus dem Badener Land,Q1613614,Hermine Villinger,1898-01-01T00:00:00Z,Aus dem Badener Land,Q136801386,Q136801387
482,Q136801386,Aus dem Badener Land (Erstausgabe von 1898),Q1613614,Hermine Villinger,1898-01-01T00:00:00Z,Aus dem Badener Land,,
483,Q136801387,Aus dem Badener Land (Projekt Gutenberg-DE Edition),Q1613614,Hermine Villinger,,Aus dem Badener Land,,
484,Q136801388,Die Geschichte der Anna Waser,Q1434539,Maria Waser,1913-01-01T00:00:00Z,Die Geschichte der Anna Waser,Q136801389,Q136801390
485,Q136801389,Die Geschichte der Anna Waser (Erstausgabe von 1913),Q1434539,Maria Waser,1913-01-01T00:00:00Z,Die Geschichte der Anna Waser,,
486,Q136801390,Die Geschichte der Anna Waser (Projekt Gutenberg-DE Edition),Q1434539,Maria Waser,,Die Geschichte der Anna Waser,,
487,Q136801391,Das Gespenst im Antistitium,Q1434539,Maria Waser,1923-01-01T00:00:00Z,Das Gespenst im Antistitium,Q136801392,Q136801393
488,Q136801392,Das Gespenst im Antistitium (Erstausgabe von 1923),Q1434539,Maria Waser,1923-01-01T00:00:00Z,Das Gespenst im Antistitium,,
489,Q136801393,Das Gespenst im Antistitium (Projekt Gutenberg-DE Edition),Q1434539,Maria Waser,,Das Gespenst im Antistitium,,
490,Q136801394,Der Rottmerhof,Q84415706,Pauline Weise,1918-01-01T00:00:00Z,Der Rottmerhof,Q136801395,Q136801396
491,Q136801395,Der Rottmerhof (Erstausgabe von 1918),Q84415706,Pauline Weise,1918-01-01T00:00:00Z,Der Rottmerhof,,
492,Q136801396,Der Rottmerhof (Projekt Gutenberg-DE Edition),Q84415706,Pauline Weise,,Der Rottmerhof,,
493,Q136801398,Perlen aus dem Sande,Q69311,Ottilie Wildermuth,1867-01-01T00:00:00Z,Perlen aus dem Sande,Q136801399,Q136801400
494,Q136801399,Perlen aus dem Sande (Erstausgabe von 1867),Q69311,Ottilie Wildermuth,1867-01-01T00:00:00Z,Perlen aus dem Sande,,
495,Q136801400,Perlen aus dem Sande (Projekt Gutenberg-DE Edition),Q69311,Ottilie Wildermuth,,Perlen aus dem Sande,,
496,Q136801401,Die alte Freundin,Q69311,Ottilie Wildermuth,1863-01-01T00:00:00Z,Die alte Freundin,Q136801402,Q136801403
497,Q136801402,Die alte Freundin (Erstausgabe von 1863),Q69311,Ottilie Wildermuth,1863-01-01T00:00:00Z,Die alte Freundin,,
498,Q136801403,Die alte Freundin (Projekt Gutenberg-DE Edition),Q69311,Ottilie Wildermuth,,Die alte Freundin,,
499,Q136801404,"Morgen, Mittag und Abend",Q69311,Ottilie Wildermuth,1862-01-01T00:00:00Z,"Morgen, Mittag und Abend",Q136801405,Q136801406
500,Q136801405,"Morgen, Mittag und Abend (Erstausgabe von 1862)",Q69311,Ottilie Wildermuth,1862-01-01T00:00:00Z,"Morgen, Mittag und Abend",,
501,Q136801406,"Morgen, Mittag und Abend (Projekt Gutenberg-DE Edition)",Q69311,Ottilie Wildermuth,,"Morgen, Mittag und Abend",,
502,Q136801407,Bilder und Geschichten aus Schwaben,Q69311,Ottilie Wildermuth,1862-01-01T00:00:00Z,Bilder und Geschichten aus Schwaben,Q136801409,Q136801410
503,Q136801409,Bilder und Geschichten aus Schwaben (Erstausgabe von 1862),Q69311,Ottilie Wildermuth,1862-01-01T00:00:00Z,Bilder und Geschichten aus Schwaben,,
504,Q136801410,Bilder und Geschichten aus Schwaben (Projekt Gutenberg-DE Edition),Q69311,Ottilie Wildermuth,,Bilder und Geschichten aus Schwaben,,
505,Q136801411,Gerettet aus Sibirien,Q75259,Sophie Wörishöffer,1885-01-01T00:00:00Z,Gerettet aus Sibirien,Q136801412,Q136801413
506,Q136801412,Gerettet aus Sibirien (Erstausgabe von 1885),Q75259,Sophie Wörishöffer,1885-01-01T00:00:00Z,Gerettet aus Sibirien,,
507,Q136801413,Gerettet aus Sibirien (Projekt Gutenberg-DE Edition),Q75259,Sophie Wörishöffer,,Gerettet aus Sibirien,,
508,Q136801414,Onnen Visser - Der Schmugglersohn von Norderney,Q75259,Sophie Wörishöffer,1885-01-01T00:00:00Z,Onnen Visser - Der Schmugglersohn von Norderney,Q136801415,Q136801416
509,Q136801415,Onnen Visser - Der Schmugglersohn von Norderney (Erstausgabe von 1885),Q75259,Sophie Wörishöffer,1885-01-01T00:00:00Z,Onnen Visser - Der Schmugglersohn von Norderney,,
510,Q136801416,Onnen Visser - Der Schmugglersohn von Norderney (Projekt Gutenberg-DE Edition),Q75259,Sophie Wörishöffer,,Onnen Visser - Der Schmugglersohn von Norderney,,
511,Q136801417,Athleten,Q2019750,Olga Wohlbrück,1921-01-01T00:00:00Z,Athleten,Q136801418,Q136801420
512,Q136801418,Athleten (Erstausgabe von 1921),Q2019750,Olga Wohlbrück,1921-01-01T00:00:00Z,Athleten,,
513,Q136801420,Athleten (Projekt Gutenberg-DE Edition),Q2019750,Olga Wohlbrück,,Athleten,,
514,Q136801421,Das kleine Glück,Q2019750,Olga Wohlbrück,1910-01-01T00:00:00Z,Das kleine Glück,Q136801423,Q136801424
515,Q136801423,Das kleine Glück (Erstausgabe von 1910),Q2019750,Olga Wohlbrück,1910-01-01T00:00:00Z,Das kleine Glück,,
516,Q136801424,Das kleine Glück (Projekt Gutenberg-DE Edition),Q2019750,Olga Wohlbrück,,Das kleine Glück,,
517,Q136801425,Du sollst ein Mann sein,Q2019750,Olga Wohlbrück,1908-01-01T00:00:00Z,Du sollst ein Mann sein,Q136801426,Q136801427
518,Q136801426,Du sollst ein Mann sein (Erstausgabe von 1908),Q2019750,Olga Wohlbrück,1908-01-01T00:00:00Z,Du sollst ein Mann sein,,
519,Q136801427,Du sollst ein Mann sein (Projekt Gutenberg-DE Edition),Q2019750,Olga Wohlbrück,,Du sollst ein Mann sein,,
520,Q136801428,Das ist Rußland,Q2019750,Olga Wohlbrück,1915-01-01T00:00:00Z,Das ist Rußland,Q136801429,Q136801430
521,Q136801429,Das ist Rußland (Erstausgabe von 1915),Q2019750,Olga Wohlbrück,1915-01-01T00:00:00Z,Das ist Rußland,,
522,Q136801430,Das ist Rußland (Projekt Gutenberg-DE Edition),Q2019750,Olga Wohlbrück,,Das ist Rußland,,
523,Q136801431,Des Ratsherrn Leinius Tochter,Q2019750,Olga Wohlbrück,1910-01-01T00:00:00Z,Des Ratsherrn Leinius Tochter,Q136801432,Q136801433
524,Q136801432,Des Ratsherrn Leinius Tochter (Erstausgabe von 1910),Q2019750,Olga Wohlbrück,1910-01-01T00:00:00Z,Des Ratsherrn Leinius Tochter,,
525,Q136801433,Des Ratsherrn Leinius Tochter (Projekt Gutenberg-DE Edition),Q2019750,Olga Wohlbrück,,Des Ratsherrn Leinius Tochter,,
526,Q136801434,Der eiserne Ring,Q2019750,Olga Wohlbrück,1910-01-01T00:00:00Z,Der eiserne Ring,Q136801435,Q136801436
527,Q136801435,Der eiserne Ring (Erstausgabe von 1910),Q2019750,Olga Wohlbrück,1910-01-01T00:00:00Z,Der eiserne Ring,,
528,Q136801436,Der eiserne Ring (Projekt Gutenberg-DE Edition),Q2019750,Olga Wohlbrück,,Der eiserne Ring,,
529,Q136801437,Die Frau ohne Mann,Q2019750,Olga Wohlbrück,1930-01-01T00:00:00Z,Die Frau ohne Mann,Q136801438,Q136801439
530,Q136801438,Die Frau ohne Mann (Erstausgabe von 1930),Q2019750,Olga Wohlbrück,1930-01-01T00:00:00Z,Die Frau ohne Mann,,
531,Q136801439,Die Frau ohne Mann (Projekt Gutenberg-DE Edition),Q2019750,Olga Wohlbrück,,Die Frau ohne Mann,,
532,Q136801440,Auf hoher Warte,Q567448,Anny Wothe,1915-01-01T00:00:00Z,Auf hoher Warte,Q136801441,Q136801442
533,Q136801441,Auf hoher Warte (Erstausgabe von 1915),Q567448,Anny Wothe,1915-01-01T00:00:00Z,Auf hoher Warte,,
534,Q136801442,Auf hoher Warte (Projekt Gutenberg-DE Edition),Q567448,Anny Wothe,,Auf hoher Warte,,
535,Q136801443,Durch graue Gassen,Q567448,Anny Wothe,1915-01-01T00:00:00Z,Durch graue Gassen,Q136801444,Q136801445
536,Q136801444,Durch graue Gassen (Erstausgabe von 1915),Q567448,Anny Wothe,1915-01-01T00:00:00Z,Durch graue Gassen,,
537,Q136801445,Durch graue Gassen (Projekt Gutenberg-DE Edition),Q567448,Anny Wothe,,Durch graue Gassen,,
538,Q136801446,Durch die Brandung,Q19224537,Marie Zedelius,1877-01-01T00:00:00Z,Durch die Brandung,Q136801447,Q136801448
539,Q136801447,Durch die Brandung (Erstausgabe von 1877),Q19224537,Marie Zedelius,1877-01-01T00:00:00Z,Durch die Brandung,,
540,Q136801448,Durch die Brandung (Projekt Gutenberg-DE Edition),Q19224537,Marie Zedelius,,Durch die Brandung,,
541,Q136801449,Die befreite Psyche,Q19224537,Marie Zedelius,1883-01-01T00:00:00Z,Die befreite Psyche,Q136801450,Q136801452
542,Q136801450,Die befreite Psyche (Erstausgabe von 1883),Q19224537,Marie Zedelius,1883-01-01T00:00:00Z,Die befreite Psyche,,
543,Q136801452,Die befreite Psyche (Projekt Gutenberg-DE Edition),Q19224537,Marie Zedelius,,Die befreite Psyche,,
544,Q136801453,Lorbeeren,Q19224537,Marie Zedelius,1873-01-01T00:00:00Z,Lorbeeren,Q136801454,Q136801455
545,Q136801454,Lorbeeren (Erstausgabe von 1873),Q19224537,Marie Zedelius,1873-01-01T00:00:00Z,Lorbeeren,,
546,Q136801455,Lorbeeren (Projekt Gutenberg-DE Edition),Q19224537,Marie Zedelius,,Lorbeeren,,
547,Q136801456,Ein unheilvoller Augenblick,Q19224537,Marie Zedelius,1874-01-01T00:00:00Z,Ein unheilvoller Augenblick,Q136801457,Q136801458
548,Q136801457,Ein unheilvoller Augenblick (Erstausgabe von 1874),Q19224537,Marie Zedelius,1874-01-01T00:00:00Z,Ein unheilvoller Augenblick,,
549,Q136801458,Ein unheilvoller Augenblick (Projekt Gutenberg-DE Edition),Q19224537,Marie Zedelius,,Ein unheilvoller Augenblick,,
550,Q136801459,Das Lyzeum in Birkholz: Roman,Q1403083,Felicitas Rose,1917-01-01T00:00:00Z,Das Lyzeum in Birkholz: Roman,Q136801460,Q136801461
551,Q136801460,Das Lyzeum in Birkholz: Roman (Erstausgabe von 1917),Q1403083,Felicitas Rose,1917-01-01T00:00:00Z,Das Lyzeum in Birkholz: Roman,,
552,Q136801461,Das Lyzeum in Birkholz: Roman (Project Gutenberg Edition),Q1403083,Felicitas Rose,,Das Lyzeum in Birkholz: Roman,,
553,Q136801462,Der Mutterhof: Ein Halligroman,Q1403083,Felicitas Rose,1918-01-01T00:00:00Z,Der Mutterhof: Ein Halligroman,Q136801463,Q136801464
554,Q136801463,Der Mutterhof: Ein Halligroman (Erstausgabe von 1918),Q1403083,Felicitas Rose,1918-01-01T00:00:00Z,Der Mutterhof: Ein Halligroman,,
555,Q136801464,Der Mutterhof: Ein Halligroman (Project Gutenberg Edition),Q1403083,Felicitas Rose,,Der Mutterhof: Ein Halligroman,,
556,Q136801465,Die Eiks von Eichen: Roman aus einer Kleinstadt,Q1403083,Felicitas Rose,1910-01-01T00:00:00Z,Die Eiks von Eichen: Roman aus einer Kleinstadt,Q136801466,Q136801467
557,Q136801466,Die Eiks von Eichen: Roman aus einer Kleinstadt (Erstausgabe von 1910),Q1403083,Felicitas Rose,1910-01-01T00:00:00Z,Die Eiks von Eichen: Roman aus einer Kleinstadt,,
558,Q136801467,Die Eiks von Eichen: Roman aus einer Kleinstadt (Project Gutenberg Edition),Q1403083,Felicitas Rose,,Die Eiks von Eichen: Roman aus einer Kleinstadt,,
559,Q136801468,Alle guten Geister...: Roman,Q563171,Anna Schieber,1905-01-01T00:00:00Z,Alle guten Geister...: Roman,Q136801469,Q136801470
560,Q136801469,Alle guten Geister...: Roman (Erstausgabe von 1905),Q563171,Anna Schieber,1905-01-01T00:00:00Z,Alle guten Geister...: Roman,,
561,Q136801470,Alle guten Geister...: Roman (Project Gutenberg Edition),Q563171,Anna Schieber,,Alle guten Geister...: Roman,,
562,Q136801471,Heimat: Erzählungen,Q563171,Anna Schieber,1915-01-01T00:00:00Z,Heimat: Erzählungen,Q136801472,Q136801473
563,Q136801472,Heimat: Erzählungen (Erstausgabe von 1915),Q563171,Anna Schieber,1915-01-01T00:00:00Z,Heimat: Erzählungen,,
564,Q136801473,Heimat: Erzählungen (Project Gutenberg Edition),Q563171,Anna Schieber,,Heimat: Erzählungen,,
565,Q136801474,Ludwig Fugeler: Roman,Q563171,Anna Schieber,1918-01-01T00:00:00Z,Ludwig Fugeler: Roman,Q136801475,Q136801476
566,Q136801475,Ludwig Fugeler: Roman (Erstausgabe von 1918),Q563171,Anna Schieber,1918-01-01T00:00:00Z,Ludwig Fugeler: Roman,,
567,Q136801476,Ludwig Fugeler: Roman (Project Gutenberg Edition),Q563171,Anna Schieber,,Ludwig Fugeler: Roman,,
568,Q136801477,Wanderschuhe und andere Erzählungen,Q563171,Anna Schieber,1911-01-01T00:00:00Z,Wanderschuhe und andere Erzählungen,Q136801478,Q136801479
569,Q136801478,Wanderschuhe und andere Erzählungen (Erstausgabe von 1911),Q563171,Anna Schieber,1911-01-01T00:00:00Z,Wanderschuhe und andere Erzählungen,,
570,Q136801479,Wanderschuhe und andere Erzählungen (Project Gutenberg Edition),Q563171,Anna Schieber,,Wanderschuhe und andere Erzählungen,,
571,Q136801480,Meine Tante Anna,Q1613614,Hermine Villinger,1916-01-01T00:00:00Z,Meine Tante Anna,Q136801481,Q136801482
572,Q136801481,Meine Tante Anna (Erstausgabe von 1916),Q1613614,Hermine Villinger,1916-01-01T00:00:00Z,Meine Tante Anna,,
573,Q136801482,Meine Tante Anna (Project Gutenberg Edition),Q1613614,Hermine Villinger,,Meine Tante Anna,,
